,CL,CD,CL/CD,CL3/CD2,gamma,Airspeed,Drag,Power Required,Power Excessive,Rate of Climb
0,1.7,0.20584999999999998,8.258440612096187,115.9431302839834,0.25528930974983033,55.927678274245885,4597.507483249792,257127.91938663227,554193.6806133678,14.12318248250173
1,1.69,0.20364649999999998,8.298694060541184,116.38746605667997,0.2547046244503928,56.09717547190697,4575.904286741005,256695.3057159615,554626.2942840386,14.134207295719637
2,1.68,0.20145599999999997,8.339289969025495,116.83351207498193,0.2541147031631992,56.26819940866462,4554.327256653026,256263.79424966895,555057.8057503311,14.145204020140957
3,1.67,0.1992785,8.380231685806548,117.28123279001936,0.2535212912175014,56.44075966762764,4532.774754944538,255833.25057131442,555488.3494286856,14.156176081261101
4,1.66,0.19711399999999998,8.421522570695132,117.73059039848769,0.2529243886132995,56.614879039278414,4511.24725081487,255403.71742116116,555917.882578839,14.167122389878669
5,1.65,0.19496249999999998,8.463165993460281,118.18154474422322,0.2523239953505935,56.790580796631446,4489.745226906825,254975.23906494243,556346.3609350576,14.178041817916862
6,1.64,0.19282399999999997,8.505165332116334,118.63405321567903,0.2517183661001314,56.967901493583035,4468.271185305371,254548.03273109187,556773.5672689083,14.188928829482881
7,1.63,0.1906985,8.547523971085248,119.08807063913135,0.25110924619116515,57.14685263889,4446.823601838874,254121.97308542422,557199.6269145759,14.199786618618143
8,1.6199999999999999,0.18858599999999998,8.59024529922688,119.54354916744096,0.2504966356236948,57.32745903433432,4425.4030020421305,253697.10930999034,557624.4906900098,14.210613931957436
9,1.6099999999999999,0.18648649999999994,8.633332707729515,120.00043816418713,0.24987878906846828,57.50975882825582,4404.01188827463,253273.6615714455,558047.9384285546,14.221405158729729
10,1.5999999999999999,0.18439999999999998,8.676789587852495,120.45868408298476,0.24925745185473772,57.693765121075494,4382.648825979731,252851.51197423183,558470.0880257683,14.232163303408978
11,1.5899999999999999,0.18232649999999995,8.720619328512313,120.91823034178786,0.24863087865325093,57.87951719868712,4361.316320169893,252430.8829621881,558890.717037812,14.242882697191947
12,1.5799999999999998,0.18026599999999995,8.764825313703085,121.37901719197399,0.2480025601225121,58.06701646909724,4340.011080266756,252011.49487391423,559310.1051260859,14.253570467025636
13,1.5699999999999998,0.17821849999999997,8.809410919741778,121.8409815819991,0.2473672602747651,58.25632907518192,4318.739466621608,251593.90755748402,559727.6924425161,14.26421234562987
14,1.5599999999999998,0.17618399999999995,8.854379512328022,122.30405701540138,0.24672846976851395,58.44745763843886,4297.49823810141,251177.8462226978,560143.7537773023,14.274815335813006
15,1.5499999999999998,0.17416249999999994,8.89973444340774,122.76817340292597,0.24608618860375872,58.6404310648899,4276.28803689135,250763.3738409406,560558.2261590594,14.28537783279968
16,1.5399999999999998,0.17215399999999997,8.94547904782927,123.23325690853476,0.24543867145124731,58.83529177745267,4255.111384229585,250350.71983670816,560970.8801632919,14.295893989890212
17,1.5299999999999998,0.17015849999999996,8.99161663977997,123.6992297890551,0.2447859183109798,59.03207003531685,4233.968917382529,249939.94965828012,561381.65034172,14.306362139187563
18,1.5199999999999998,0.16817599999999996,9.038150508990581,124.16601022721339,0.24412967451220813,59.230783917047944,4212.85946224746,249530.96848127013,561790.63151873,14.31678469721534
19,1.5099999999999998,0.16620649999999998,9.085083916693993,124.63351215779147,0.2434681947256803,59.43147795346506,4191.78555733059,249124.0109361462,562197.589063854,14.327155684603822
20,1.4999999999999998,0.16424999999999995,9.132420091324203,125.10164508663291,0.24280147895139637,59.63418455150377,4170.747902407011,248719.15012993693,562602.4498700632,14.337473238278879
21,1.4899999999999998,0.16230649999999996,9.180162223940508,125.57031390221783,0.24213127251860828,59.83892398048302,4149.745430730623,248316.30136784652,563005.2986321535,14.347739516619612
22,1.4799999999999998,0.16037599999999996,9.228313463361102,126.03941867951661,0.24145583009806404,60.04574307195739,4128.7807044815245,247915.70538175284,563405.8946182473,14.35794838476675
23,1.4699999999999998,0.15845849999999995,9.276876910989314,126.50885447582053,0.24077515168976366,60.25467658111447,4107.85449231753,247517.4438768709,563804.1561231292,14.368097760528267
24,1.4599999999999997,0.15655399999999994,9.325855615314845,126.97851111824114,0.24009098262295916,60.46574717646751,4086.9658411700448,247121.4432710468,564200.1567289534,14.378189519086478
25,1.4499999999999997,0.15466249999999993,9.375252566071287,127.44827298255802,0.2393998322391465,60.67901713022715,4066.1190762627816,246728.10908209273,564593.4909179073,14.388213326144427
26,1.4399999999999997,0.15278399999999992,9.425070688030164,127.91801876308612,0.23870519119682967,60.89449792703462,4045.311563898345,246337.21664201695,564984.3833579831,14.398174907186114
27,1.4299999999999997,0.15091849999999996,9.475312834410627,128.3876212332238,0.23800356883750465,61.11225366164745,4024.5476262835355,245949.17541082055,565372.4245891796,14.408063827451059
28,1.4199999999999997,0.14906599999999992,9.52598177988274,128.85694699633422,0.23729845581967557,61.33229764364483,4003.824741200824,245563.77074031817,565757.829259682,14.417885557076502
29,1.4099999999999997,0.14722649999999993,9.57708021314098,129.32585622660042,0.2365881068140903,61.554682954016464,3983.1455557441054,245181.26184352813,566140.338156472,14.427633490226095
30,1.3999999999999997,0.14539999999999995,9.628610729023386,129.7942023994899,0.23587252182074883,61.779450743907425,3962.5110289759336,244801.75493680863,566519.8450631915,14.437304920060946
31,1.3899999999999997,0.14358649999999992,9.680575820150226,130.2618320114513,0.23514995551039922,62.006656162521935,3941.9237994173436,244425.5136493333,566896.0863506668,14.446893128202518
32,1.3799999999999997,0.14178599999999994,9.732977868054675,130.7285842884581,0.23442389854154544,62.23631654079401,3921.381579028854,244052.34522967838,567269.2547703218,14.45640302676661
33,1.3699999999999997,0.13999849999999994,9.785819133776435,131.1942908830094,0.2336908602556835,62.46850216847881,3900.888706525028,243682.6746225532,567638.9253774469,14.465823786377342
34,1.3599999999999997,0.13822399999999993,9.83910174788749,131.65877555918436,0.2329525859820654,62.70324557594252,3880.444624164795,243316.4722128511,568005.127787149,14.475156161752015
35,1.3499999999999996,0.13646249999999993,9.892827699917563,132.12185386534586,0.23220907572069113,62.94059343476292,3860.05045840343,242953.86654004053,568367.7334599595,14.484396877165125
36,1.3399999999999996,0.13471399999999994,9.946998827144915,132.5833327940779,0.2314603294715607,63.180593633140326,3839.7073728882488,242594.99119662525,568726.6088033748,14.493542528118624
37,1.3299999999999996,0.13297849999999994,10.00161680271623,133.04301042893954,0.23070460190542208,63.42330831741707,3819.4181356284803,242240.1340090994,569081.4659909008,14.502585779584628
38,1.3199999999999996,0.13125599999999993,10.056683123057235,133.5006755776111,0.22994363835152726,63.668774945268304,3799.1823958244886,241889.28893577462,569432.3110642255,14.511526785530721
39,1.3099999999999996,0.12954649999999993,10.112199094533626,133.95610739100752,0.22917569348062428,63.917058319917956,3779.0029759284075,241542.75360355954,569778.8463964405,14.520357961173305
40,1.2999999999999996,0.12784999999999994,10.168165819319517,134.40907496793102,0.22840251262196515,64.16819862411742,3758.8796372294273,241200.53516588834,570121.0648341117,14.529079124212837
41,1.2899999999999996,0.12616649999999993,10.224584180428247,134.85933694483595,0.22762235044629778,64.42226350371597,3738.815263086826,240862.94207029464,570458.6579297055,14.53768241411074
42,1.2799999999999996,0.12449599999999994,10.28145482585786,135.3066410702795,0.22683695228287423,64.67929606113428,3718.8097333237656,240529.99573667566,570791.6042633244,14.546167284998074
43,1.2699999999999996,0.12283849999999993,10.338778151800945,135.75072376363877,0.2260445728024425,64.93936698685556,3698.8659992767075,240202.0165622323,571119.5834377678,14.554525571808558
44,1.2599999999999996,0.12119399999999994,10.396554284865589,136.1913096576778,0.22524695733425462,65.20252251463599,3678.9840663707596,239879.0414185265,571442.5585814735,14.562756334899937
45,1.2499999999999996,0.11956249999999993,10.45478306325144,136.6281111245614,0.2244406152198065,65.46884964218057,3659.1684196116003,239561.54707896736,571760.0529210328,14.570847424083404
46,1.2399999999999995,0.11794399999999994,10.513464016821544,137.06082778492168,0.22362903711760218,65.73838493205903,3639.4177132673426,239249.44256332263,572072.1574366775,14.578801157917367
47,1.2299999999999995,0.11633849999999993,10.572596346007558,137.48914599960315,0.22281047769838966,66.0112058433714,3619.7350587341793,238943.07606057,572378.5239394301,14.586608663084355
48,1.2199999999999995,0.11474599999999993,10.632178899482337,137.91273834372882,0.22198493696216895,66.28737864133387,3600.122155075088,238642.66044851724,572678.9395514829,14.594264514563784
49,1.2099999999999995,0.11316649999999993,10.692210150530416,138.33126306275778,0.22115241490894,66.56697150353286,3580.5807627037775,238348.41759700028,572973.1824029998,14.601763058180424
50,1.1999999999999995,0.11159999999999994,10.752688172043012,138.7443635102324,0.2203129115387029,66.85005459158242,3561.1127059070577,238060.5787966646,573261.0212033355,14.609098399677254
51,1.1899999999999995,0.11004649999999992,10.813610610060296,139.15166756695018,0.21946642685145754,67.13670012608742,3541.7198754934607,237779.38521160814,573542.214788392,14.616264393180224
52,1.1799999999999995,0.10850599999999992,10.874974655779408,139.55278704133636,0.21861296084720397,67.42698246509383,3522.404231575582,237505.08835741907,573816.5116425811,14.623254629015827
53,1.1699999999999995,0.10697849999999993,10.936777015942457,139.94731705084317,0.21775076819669015,67.72099126216781,3503.169159317057,237238.0880280062,574083.5119719938,14.630058918756214
54,1.1599999999999995,0.10546399999999993,10.999013881514074,140.3348353842575,0.21688159422916814,68.0187923314634,3484.015387669883,236978.5191335407,574343.0808664594,14.636673824323633
55,1.1499999999999995,0.10396249999999992,11.061680894553328,140.71490184486498,0.2160054389446379,68.3204669514613,3464.9451029659635,236726.66739581377,574594.9326041864,14.643092064326868
56,1.1399999999999995,0.10247399999999993,11.12477311317993,141.0870575744934,0.21512055701384736,68.62611197640577,3445.9618876287714,236482.96636683866,574838.6336331614,14.649302590039792
57,1.1299999999999994,0.10099849999999992,11.188284974529328,141.45082435854488,0.21422869376604864,68.93580068441685,3427.0667557368324,236247.59080566536,575074.0091943347,14.655300947867858
58,1.1199999999999994,0.09953599999999993,11.25221025558592,141.80570391222247,0.2133281038719897,69.24963521712856,3408.263439161259,236020.99988579322,575300.6001142069,14.661075436141868
59,1.1099999999999994,0.09808649999999991,11.316542031778077,142.15117714826982,0.21241878733167047,69.56770743470213,3389.554436370461,235803.53136341693,575518.0686365832,14.666617447415472
60,1.0999999999999994,0.09664999999999992,11.381272633212626,142.48670342666608,0.21150074414509096,69.89011211280325,3370.942343620134,235595.53832140693,575726.0616785932,14.67191798365426
61,1.0899999999999994,0.09522649999999992,11.446393598420611,142.81171978686106,0.21057571964150326,70.2169339655526,3352.4286087562587,235397.25824526759,575924.3417547325,14.676970992730187
62,1.0799999999999994,0.09381599999999993,11.511895625479665,143.1256401632928,0.2096419684916553,70.54828706053274,3334.0173129027685,235209.21045545052,576112.3895445496,14.681763240177105
63,1.0699999999999994,0.09241849999999992,11.577768520372008,143.42785458510912,0.20869774536629504,70.88428876753099,3315.7125987208187,235031.92931786712,576289.670682133,14.686281108107364
64,1.0599999999999994,0.0910339999999999,11.644001142430305,143.7177283612133,0.20774654092392655,71.22502059085072,3297.5150367273577,234865.57638954592,576456.0236104542,14.690520479369372
65,1.0499999999999994,0.08966249999999992,11.710581346716857,143.99460125197638,0.20678486450604572,71.57062001785458,3279.430222458237,234710.8543266268,576610.7456733733,14.694463447333673
66,1.0399999999999994,0.08830399999999992,11.777495923174492,144.25778662920732,0.20581446144190466,71.92118896970294,3261.460215613351,234568.0964842959,576753.5035157042,14.698101516710096
67,1.0299999999999994,0.08695849999999991,11.844730532380392,144.50657062624535,0.20483358640225133,72.27685947103554,3243.6096121611495,234437.91611707147,576883.6838829287,14.70141905919798
68,1.0199999999999994,0.08562599999999991,11.912269637726864,144.74021128034738,0.2038439847163377,72.63774141125903,3225.880772526486,234320.6933783314,577000.9066216687,14.704406386892678
69,1.0099999999999993,0.08430649999999992,11.980096433845555,144.95793766988126,0.20284391105491173,73.00397513794577,3208.278557585869,234217.0880536033,577104.5119463968,14.707046685687992
70,0.9999999999999993,0.08299999999999992,12.048192771084342,145.15894904920887,0.20183336541797345,73.37569233751438,3190.806795542353,234127.65773816584,577193.9422618343,14.70932574571443
71,0.9899999999999993,0.08170649999999992,12.116539075838524,145.34241398455853,0.20081234780552287,73.75302933995182,3173.469478101387,234052.98752785317,577268.612472147,14.711228656272858
72,0.9799999999999993,0.08042599999999991,12.185114266530729,145.50746949464238,0.19978260354681204,74.1361142319762,3156.269653313173,233993.5675649453,577328.0324350548,14.71274292647948
73,0.9699999999999993,0.07915849999999991,12.253895665026503,145.65322020027455,0.19874064198333682,74.52511948314735,3139.213908009242,233950.29157754668,577371.3084224535,14.713845780388722
74,0.9599999999999993,0.07790399999999992,12.322858903265562,145.77873748779956,0.1976882084443493,74.92018357981983,3122.3056486162823,233923.7123866403,577397.8876133598,14.7145231298002
75,0.9499999999999993,0.07666249999999991,12.391977824881792,145.88305869174388,0.19662355760059744,75.32147677408979,3105.550688474893,233914.6640527202,577406.9359472799,14.714753719349641
76,0.9399999999999993,0.0754339999999999,12.461224381578605,145.96518630276603,0.19554843478133324,75.7291489628975,3088.952868258102,233923.7718996873,577397.8281003127,14.714521613157817
77,0.9299999999999993,0.07421849999999991,12.530568524020296,146.02408720770632,0.19446109465730466,76.14338234772558,3072.5184097870883,233951.94404684403,577369.6559531561,14.713803668530991
78,0.9199999999999993,0.07301599999999991,12.599978086994636,146.05869196932528,0.19336153722851177,76.5643524499895,3056.2526771694097,234000.00715102267,577321.5928489774,14.71257881878128
79,0.9099999999999993,0.0718264999999999,12.66941866859725,146.06789415418237,0.1922515078242065,76.99222844524401,3040.1602482347294,234068.71234223802,577252.887657762,14.710827921961316
80,0.8999999999999992,0.07064999999999991,12.73885350318472,146.0505497180413,0.19112751578588486,77.42722581843906,3024.249071103484,234159.21575953398,577162.3842404662,14.708521514792716
81,0.8899999999999992,0.06948649999999991,12.808243327840666,146.00547645920554,0.1899913064427988,77.86952823532948,3008.5242468184706,234272.36378430427,577049.2362156959,14.705638027922932
82,0.8799999999999992,0.06833599999999991,12.877546242097875,145.93145355128468,0.18884113446569636,78.31935331190066,2992.993209420403,234409.29262871604,576912.3073712841,14.70214850589409
83,0.8699999999999992,0.06719849999999991,12.946717560659842,145.82722116808304,0.1876769998545775,78.77691379028904,2977.6626671794447,234571.07522895726,576750.5247710429,14.698025605786006
84,0.8599999999999992,0.06607399999999991,13.015709658867337,145.6914802145818,0.18650064793869425,79.24241799758913,2962.5386775198335,234758.72821805155,576562.8717819485,14.693243419519584
85,0.8499999999999992,0.06496249999999991,13.084471810660002,145.52289217936266,0.18531033338879463,79.7161094633032,2947.629615466332,234973.56508378842,576348.0349162116,14.687768473909573
86,0.8399999999999992,0.06386399999999992,13.152950018789932,145.32007912530017,0.1841043108756265,80.19824126320387,2932.9441750052165,235216.9645585768,576104.6354414233,14.681565633063794
87,0.8299999999999992,0.06277849999999992,13.221086837054091,145.08162383692755,0.182884325728442,80.68905048464555,2918.4895073184853,235490.14719492957,575831.4528050706,14.674603792178148
88,0.8199999999999992,0.061705999999999914,13.288821184325679,144.80607014456584,0.18164863261798897,81.18881092447938,2904.2750795429215,235794.6403056876,575526.9596943125,14.666844028907047
89,0.8099999999999992,0.06064649999999991,13.356088150181797,144.49192344709542,0.18039723154426748,81.69779457258574,2890.309829171496,236131.93867477824,575189.6613252219,14.658248249878234
90,0.7999999999999992,0.05959999999999992,13.422818791946312,144.13765145714152,0.17913012250727753,82.21628528353321,2876.6031554594138,236503.62567676298,574817.9743232371,14.64877610405803
91,0.7899999999999991,0.05856649999999991,13.488939922993525,143.74168519444143,0.17784556017776706,82.74459243040494,2863.165846687305,236911.4910447963,574410.1089552038,14.638381981529148
92,0.7799999999999991,0.0575459999999999,13.554373892190604,143.30242025525246,0.17654528988498813,83.28301266358743,2850.0073951807085,237357.20198415275,573964.3980158473,14.627023394899268
93,0.7699999999999991,0.05653849999999991,13.619038354395684,142.81821838784538,0.17522756629968866,83.83188262342618,2837.1396457611154,237842.75776971475,573478.8422302853,14.614649394247841
94,0.7599999999999991,0.05554399999999991,13.682846031974657,142.28740940639054,0.1738923894218687,84.39154081837258,2824.574126735512,238370.16271091904,572951.437289081,14.601208901352727
95,0.7499999999999991,0.05456249999999992,13.745704467353956,141.7082934778757,0.17253801392227613,84.96235442736723,2812.323853663526,238941.65601949973,572379.9439805003,14.586644851694707
96,0.7399999999999991,0.053593999999999906,13.807515766690308,141.0791438190769,0.171164439800911,85.54469436268478,2800.4016294146486,239559.50148104056,571762.0985189595,14.570899554509671
97,0.7299999999999991,0.05263849999999992,13.868176334811976,140.39820984301022,0.16977341238702534,86.13893637754141,2788.8201431572825,240226.0008798311,571095.599120169,14.553914350666895
98,0.7199999999999991,0.05169599999999991,13.927576601671316,139.6637207967039,0.168359695692863,86.74552660152467,2777.596192066979,240944.04436723975,570377.5556327603,14.535615586971465
99,0.7099999999999991,0.05076649999999991,13.985600740645905,138.87388993449608,0.1669267803769281,87.36486671888454,2766.743205108267,241716.15135966317,569605.448640337,14.515939058112563
100,0.6999999999999991,0.04984999999999992,14.042126379137416,138.02691927336662,0.16547292110996856,87.99741835501892,2756.2779874064286,242545.34716053307,568776.252839467,14.494807666653085
101,0.6899999999999991,0.048946499999999914,14.097024302044074,137.12100497897046,0.1639963725627323,88.64366573850853,2746.218250056674,243434.85260301566,567886.7473969844,14.472139332237115
102,0.679999999999999,0.04805599999999992,14.150158148826373,136.15434343302206,0.16249713473521943,89.30410440946383,2736.5818970934693,244387.9954630838,566933.6045369164,14.44784924915689
103,0.669999999999999,0.047178499999999915,14.201384105047856,135.12513803440075,0.1609734622981778,89.97926845701345,2727.388697961807,245408.43984052978,565913.1601594703,14.42184404076122
104,0.659999999999999,0.04631399999999991,14.2505505894546,134.031606787719,0.1594271005808595,90.66969396837465,2718.6580310403683,246499.89167909417,564821.7083209059,14.394029264039396
105,0.649999999999999,0.04546249999999992,14.297497937860879,132.87199073403826,0.15785455892476039,91.37598467544483,2710.4128387439064,247666.6420171921,563654.957982808,14.364295565311112
106,0.639999999999999,0.044623999999999914,14.342058085335252,131.64456327880313,0.15625583732988052,92.09875026109333,2702.6758615108324,248913.0692059714,562408.5307940287,14.332531365800934
107,0.629999999999999,0.04379849999999992,14.384054248433168,130.3476404717768,0.15463093579621986,92.83863415733066,2695.4713116597372,250243.87498475856,561077.7250152415,14.298616845444483
108,0.619999999999999,0.04298599999999991,14.423300609500773,128.97959229265552,0.15297810899452635,93.59632858275477,2688.8257151793614,251664.21513968808,559657.384860312,14.262420613157797
109,0.609999999999999,0.04218649999999992,14.459602005380873,127.53885499394868,0.15129561159554797,94.37256446404363,2682.7672792643793,253179.6280044046,558141.9719955955,14.223801528939742
110,0.599999999999999,0.04139999999999992,14.492753623188408,126.02394454946422,0.1495834435992847,95.16810180484697,2677.325331516665,254795.9697144736,556525.6302855265,14.182610353861532
111,0.589999999999999,0.04062649999999993,14.52254070618931,124.43347125212584,0.1478398596764845,95.983757997838,2672.5319150776277,256519.65657830954,554801.9434216905,14.138683573437577
112,0.579999999999999,0.03986599999999992,14.548738273215273,122.76615549866077,0.14606485982714734,96.82038621884277,2668.4205443650903,258357.50769972272,552964.0923002774,14.09184740826395
113,0.569999999999999,0.03911849999999992,14.571110855477592,121.0208447906914,0.14425495339276911,97.67891659501316,2665.0284718567887,260317.09382583466,551004.5061741654,14.041908923908395
114,0.5599999999999989,0.03838399999999992,14.589412255106298,119.19653197168944,0.14241014037334987,98.56031055722862,2662.3941413244215,262406.393394681,548915.2066053192,13.988664796261956
115,0.5499999999999989,0.03766249999999992,14.60338533023565,117.29237470683772,0.14052867543963754,99.46560274928014,2660.559488749283,264634.153198764,546687.4468012361,13.931892120316926
116,0.5399999999999989,0.036953999999999924,14.612761811982466,115.30771619781562,0.1386105585916321,100.3958813651469,2659.5688623001242,267009.759981922,544311.8400180781,13.871351682417892
117,0.5299999999999989,0.03625849999999993,14.617262159217837,113.24210710658967,0.1366505538415774,101.3523426525225,2659.4719135997393,269543.70866192045,541777.8913380797,13.806776027983682
118,0.5199999999999989,0.03557599999999993,14.616595457611872,111.09532864116939,0.13464866118947344,102.33622354213148,2660.3200097711533,272247.10321354616,539074.496786454,13.737882181102293
119,0.5099999999999989,0.034906499999999924,14.61045937003137,108.86741673170185,0.13260488063532022,103.3488454794477,2662.168595271286,275132.0507929305,536189.5492070697,13.664361600587913
120,0.4999999999999989,0.034249999999999926,14.5985401459854,106.5586871969735,0.13051397619136162,104.39165788288516,2665.0794301711417,278212.0601051403,533109.5398948598,13.585870027901626
121,0.4899999999999989,0.03360649999999993,14.580512698436312,104.16976176913842,0.12837420252834553,105.46618602014858,2669.1179018212183,281501.6851431853,529819.9148568148,13.502036566177747
122,0.47999999999999887,0.03297599999999993,14.556040756914117,101.70159480813331,0.12618555964627198,106.57405287721583,2674.354222659823,285016.76833815343,526304.8316618467,13.412457483737175
123,0.46999999999999886,0.03235849999999993,14.524777106478975,99.15550049666075,0.12394281155738482,107.71703687208459,2680.8663867567484,288774.9834314089,522546.6165685912,13.316682379423833
124,0.45999999999999885,0.031753999999999935,14.486363922655407,96.53318026182134,0.12164595826168403,108.89701248372255,2688.737243524691,292795.45317355805,518526.14682644204,13.214223925240622
125,0.44999999999999885,0.031162499999999933,14.440433212996384,93.83675012055384,0.11928976377141347,110.11603383050954,2698.0587638724446,297099.53011928085,514222.06988071924,13.10453796841792
126,0.43999999999999884,0.03058399999999993,14.386607376405959,91.06876759325743,0.11687073742806903,111.37630222119537,2708.9305224862737,301710.66456865193,509610.93543134816,12.987026896823348
127,0.4299999999999988,0.030018499999999934,14.324499891733424,88.23225777375623,0.11438713390239866,112.68018318492898,2721.460702849301,306654.6905276448,504666.90947235527,12.861032351487138
128,0.4199999999999988,0.029465999999999937,14.253716147424141,85.33073808476243,0.11183371720664617,114.03025929075194,2735.768848382233,311960.4311405879,499361.1688594122,12.725819797640474
129,0.4099999999999988,0.02892649999999994,14.17385442414394,82.36824118709791,0.10920699668230752,115.4293169733567,2751.985442596139,317659.79995949304,493661.80004050705,12.580575943947682
130,0.3999999999999988,0.028399999999999936,14.084507042253511,79.34933544931525,0.1065017363416265,116.88039303427514,2770.2544329782263,323788.4269314381,487533.173068562,12.424392789718706
131,0.3899999999999988,0.02788649999999994,13.985261685761914,76.27914232350344,0.10371270019684697,118.3867905958719,2790.7343384595715,330386.0817359224,480935.5182640777,12.256256836495355
132,0.3799999999999988,0.027385999999999938,13.875702913897598,73.16334991480336,0.10083639758946485,119.95209981594982,2813.599676679402,337497.1892591718,473824.4107408283,12.07503595160113
133,0.3699999999999988,0.026898499999999943,13.755413870661917,70.00822197868312,0.09786410187321982,121.58027636368328,2839.045196921661,345171.89965072315,466149.70034927694,11.879452098605427
134,0.35999999999999877,0.02642399999999994,13.623978201634861,66.82060153390364,0.09479232238960783,123.27561876228373,2867.285474756018,353466.3910686566,457855.2089313435,11.668073622103556
135,0.34999999999999876,0.025962499999999944,13.48098218584495,63.60790824327388,0.09161058716311654,125.04288920166819,2898.561376689787,362444.4890696558,448877.11093034426,11.439273978856887
136,0.33999999999999875,0.025513999999999943,13.326017088657188,60.37812869204214,0.08831191487673776,126.88730604521486,2933.1407046464515,372178.3222641515,439143.2777358486,11.191215028946193
137,0.32999999999999874,0.025078499999999945,13.158681739338457,57.13979868867556,0.08488932421346326,128.81462960446066,2971.323424806668,382749.9264015284,428571.6735984717,10.921806156943722
138,0.31999999999999873,0.024655999999999945,12.97858533419855,53.901976728663364,0.08132885253927663,130.83127500214903,3013.4484097169725,394253.29759646987,417068.3024035302,10.62865194708283
139,0.3099999999999987,0.02424649999999995,12.78535046295339,50.67420780276795,0.07762177320791762,132.94433235406106,3059.8962629355588,406795.86574865435,404525.73425134574,10.309014634336028
140,0.2999999999999987,0.023849999999999948,12.578616352201232,47.46647680075906,0.07375412358536979,135.1617278957908,3111.0991014545048,420501.530207633,390820.0697923671,9.959736742924749
141,0.2899999999999987,0.02346649999999995,12.358042315641418,44.28915086380313,0.06971194103761673,137.4923184964112,3167.547838113382,435513.49621050386,375808.10378949624,9.57716880197493
142,0.2799999999999987,0.02309599999999995,12.123311395912681,41.15291017663438,0.06547951760138998,139.94604777921467,3229.803038510649,451998.170344864,359323.4296551361,9.157070072760858
143,0.2699999999999987,0.022738499999999953,11.874134177716174,38.0686668670098,0.061037654654916965,142.5341297904242,3298.5079943830265,470149.96658614214,341171.63341385796,8.69448607068955
144,0.2599999999999987,0.022393999999999956,11.610252746271287,35.0474718963978,0.056363662917920984,145.26925965829295,3374.404271241891,490197.210271091,321124.38972890907,8.18359810726068
145,0.24999999999999867,0.022062499999999957,11.33144475920676,32.10041008273842,0.05143485311012538,148.16585656642494,3458.350342733879,512409.44083795446,298912.15916204563,7.617537185577106
146,0.23999999999999866,0.021743999999999958,11.037527593818945,29.238483692235345,0.04622155463424526,151.2404078272342,3551.3470141688094,537107.1707589212,274214.4292410789,6.988135301760421
147,0.22999999999999865,0.021438499999999958,10.728362525363206,26.47248536939189,0.040692351563743664,154.51183570949237,3654.5666936764906,564673.8085627246,246647.79143727547,6.285621596260843
148,0.21999999999999864,0.02114599999999996,10.403858885841249,23.8128615376294,0.03480535599657137,158.00200898169803,3769.3931559774583,595571.6912863015,215749.90871369862,5.498213779655928
149,0.20999999999999863,0.02086649999999996,10.063978146790262,21.269567789204977,0.028516934701427042,161.736317397737,3897.4692929313755,630362.3306094826,180959.2693905175,4.611602176109009
150,0.19999999999999862,0.020599999999999962,9.708737864077621,18.85191818267477,0.021771237142245027,165.7444668883669,4040.76217693651,669733.9728390188,141587.6271609813,3.6082473792299004
151,0.18999999999999861,0.020346499999999965,9.338215417885088,16.568430766256963,0.01450368613669938,170.06144423297852,4201.645722864439,714537.9397856436,96783.6602143565,2.4664541339030706
152,0.1799999999999986,0.020105999999999964,8.95255147717094,14.426672031251092,0.006633996539195702,174.72879125874366,4383.011550259276,765838.3102499155,45483.28975008463,1.1591052433762647
153,0.1699999999999986,0.01987849999999997,8.551953115174628,12.433103354304555,-0.0019355700883809366,179.79625271814783,4588.416934303355,824980.1706962351,-13658.570696235052,-0.34807774455237134
154,0.1599999999999986,0.01966399999999997,8.136696501220445,10.592932792475592,-0.011327186793674194,185.32396411556067,4822.286621330679,893685.272766435,-82363.67276643496,-2.0989722927226033
155,0.14999999999999858,0.01946249999999997,7.70712909441227,8.909975831690332,-0.02168920656310851,191.385395752476,5090.1924968233625,974188.5054608232,-162866.9054608231,-4.150532758940446
156,0.13999999999999857,0.01927399999999997,7.2636712669917385,7.386528838488916,-0.03321536094366169,198.07135775647242,5399.2471001634585,1069436.2039920727,-258114.60399207263,-6.577844138432024
157,0.12999999999999856,0.019098499999999973,6.806817289315849,6.023259009316725,-0.04615697734762926,205.4955551925904,5758.66899324822,1183380.8819378987,-372059.2819378986,-9.48163307690873
158,0.11999999999999855,0.018935999999999977,6.337135614702086,4.819114535895012,-0.060840432345144996,213.8024810712496,6180.615377132694,1321430.902178087,-510109.30217808695,-12.999727374568984
159,0.10999999999999854,0.018786499999999977,5.855268410826853,3.7712584979109005,-0.07770729423697811,223.17877347125003,6681.433367145748,1491154.1039094722,-679832.5039094721,-17.32498735752987
160,0.09999999999999853,0.01864999999999998,5.361930294906093,2.8750296487431326,-0.09736319227359076,233.8700667872886,7283.600336352925,1703416.0971147765,-892094.4971147764,-22.73431440149787
161,0.08999999999999853,0.01852649999999998,4.857906242409447,2.1239327754036257,-0.12066857377624471,246.20647313993382,8018.817076824117,1974284.6712391395,-1162963.0712391394,-29.63718326297501
162,0.07999999999999852,0.018415999999999984,4.34404865334484,1.509660696210142,-0.14887658514791346,260.64243003074847,8933.127448856865,2328352.046044434,-1517030.4460444339,-38.6603069838031
163,0.06999999999999851,0.018318499999999984,3.8212735758931444,1.022149221927321,-0.18389312593183813,277.8203165257014,10095.687619550736,2804787.1300081904,-1993465.5300081903,-50.801873853419735
164,0.0599999999999985,0.018233999999999986,3.2905561039814932,0.6496655684069754,-0.22874808770958144,298.67470337695124,11614.401211715667,3468927.83681008,-2657606.23681008,-67.72696831829968
165,0.04999999999999849,0.018162499999999988,2.7529249827941378,0.37892979804459365,-0.28852561459237164,324.6039571548445,13664.735787424106,4435627.310073285,-3624305.7100732853,-92.36253083774938
166,0.03999999999999848,0.01810399999999999,2.209456473707385,0.1952679163682915,-0.3723345799466695,357.73580633906465,16543.117554428893,5918065.497695555,-5106743.897695554,-130.1412817965228
